{
  "irc": {
    "server": "irc.ppy.sh",
    "nick": "your account id",
    "opt": {
      "port": 6667,
      "password": "you can get password from 'https://osu.ppy.sh/p/irc'"
    }
  },
  "Lobby": {
    "authorized_users": [],
    "listref_duration_ms": 1000,
    "info_message": "- Osu Auto Host Rotation Bot ver ${version} -\n-  The host rotation is managed with a queue. Players are added to the queue when joining a multiplayer lobby and are sent to the back of the queue once their beatmap has been played.\n-  Check the links > [https://github.com/Meowhal/osu-ahr/blob/master/CMDLIST.md Command List] | [https://github.com/Meowhal/osu-ahr Source Code]",
    "info_message_cooltime_ms": 60000,
    "stat_timeout_ms": 5000,
    "info_message_announcement_interval_ms": 0,
    "transferhost_timeout_ms": 5000
  },
  "AfkKicker": {
    "enabled": true,
    "threshold": 6,
    "cooltime_ms": 30000
  },
  "AutoHostSelector": {
    "show_host_order_after_every_match": true,
    "host_order_chars_limit": 90,
    "host_order_cooltime_ms": 15000,
    "deny_list": []
  },
  "AutoStartTimer": {
    "enabled": false,
    "doClearHost": false,
    "waitingTime": 90
  },
  "CacheCleaner": {
    "enabled": true,
    "intervalMs": 86400000
  },
  "HistoryLoader": {
    "fetch_interval_ms": 0
  },
  "HostSkipper": {
    "vote_rate": 0.5,
    "vote_min": 2,
    "vote_cooltime_ms": 5000,
    "vote_msg_defer_ms": 5000,
    "afk_check_timeout_ms": 5000,
    "afk_check_interval_first_ms": 45000,
    "afk_check_interval_ms": 90000,
    "afk_check_do_skip": true
  },
  "LobbyKeeper": {
    "mode": null,
    "size": null,
    "password": null,
    "mods": null,
    "hostkick_tolerance": 4,
    "title": null
  },
  "LobbyTerminator": {
    "terminate_time_ms": 60000
  },
  "MapChecker": {
    "enabled": true,
    "star_min": 0,
    "star_max": 0,
    "length_min": 0,
    "length_max": 0,
    "gamemode": "osu",
    "num_violations_allowed": 3,
    "allow_convert": true,
    "map_description": "[https://osu.ppy.sh/b/${map_id} ${title}] | Star Rating: ${star} | Duration: ${length} | Alternative:  [https://beatconnect.io/b/${beatmapset_id} (BeatConnect.io)] | [https://kitsu.moe/d/${beatmapset_id} (Kitsu.moe)]"
  },
  "MiscLoader": {},
  "MapRecaster": {},
  "MatchStarter": {
    "vote_rate": 0.45,
    "vote_min": 2,
    "vote_msg_defer_ms": 5000,
    "start_when_all_player_ready": true
  },
  "MatchAborter": {
    "vote_rate": 0.3,
    "vote_min": 2,
    "vote_msg_defer_ms": 5000,
    "auto_abort_rate": 0.5,
    "auto_abort_delay_ms": 30000,
    "auto_abort_do_abort": true
  },
  "WordCounter": {
    "periods": [
      {
        "symbol": "s",
        "duration_ms": 1000
      },
      {
        "symbol": "m",
        "duration_ms": 60000
      }
    ],
    "log_interval_ms": 3600000
  },
  "OahrCli": {
    "invite_users": [],
    "password": ""
  },
  "WebApi": {
    "client_id": 0,
    "client_secret": "***",
    "token_store_dir": "data/tokens/",
    "asGuest": true,
    "callback": "",
    "callback_port": 3000
  },
  "profile": {
    "profile_expired_day": 7
  },
  "OahrWeb": {
    "port": 3112,
    "staticDir": "src/web/statics",
    "hostname": "127.0.0.1"
  },
  "LogServer": {
    "port": 3115
  },
  "Discord": {
    "token": ""
  }
}